n_epochs,intermediate_distortion,intermediate_l1,mean_optim_l1,min_optim_l1,std_optim_l1,mean_no_optim_l1,min_no_optim_l1,std_no_optim_l1,mean_optim_distortion,min_optim_distortion,std_optim_distortion,mean_no_optim_distortion,min_no_optim_distortion,std_no_optim_distortion,scale_delta,distance_reg,learning_rate
67,0.160094,0.000270,1.147005,1.020309,0.040319,1.146654,1.020309,0.040539,3.320524,3.000000,0.461213,3.320000,3.000000,0.466476,100.000000,0.001000,0.010000
36,0.025536,0.007115,1.146009,1.049108,0.040018,1.147139,1.048496,0.041056,3.337858,2.997107,0.459198,3.350000,3.000000,0.476970,0.001000,10.000000,0.001000
143,1.677821,0.316240,1.068339,1.029707,0.015697,1.140205,1.012489,0.042684,2.993332,2.719017,0.170863,3.280000,3.000000,0.448999,0.010000,0.100000,0.100000
71,0.004364,0.001435,1.149163,1.005910,0.037949,1.150404,1.006358,0.038151,3.256834,2.997330,0.435762,3.260000,3.000000,0.438634,0.010000,0.001000,0.000100
76,0.005913,0.002487,1.145049,0.997431,0.040125,1.146744,0.997184,0.040496,3.364376,2.996945,0.477976,3.370000,3.000000,0.482804,1.000000,1.000000,0.000100
37,0.002919,0.000904,1.140549,1.012423,0.037015,1.141131,1.012489,0.037131,3.308368,2.998734,0.460863,3.310000,3.000000,0.462493,1.000000,0.000100,0.000100
146,2.441379,0.404139,0.664578,0.634849,0.015503,1.160101,1.045141,0.038084,3.267242,3.015543,0.168274,3.310000,3.000000,0.462493,10.000000,0.010000,0.100000
61,0.039556,0.012214,1.125911,0.996727,0.043590,1.136073,0.997184,0.045704,3.237736,2.985760,0.412208,3.260000,3.000000,0.438634,0.001000,0.000100,0.001000
151,2.124871,0.354416,0.747545,0.716289,0.012664,1.141386,0.997184,0.047156,2.621489,2.349138,0.170114,3.320000,3.000000,0.466476,10.000000,0.100000,0.100000
47,0.003617,0.001273,1.143827,1.025482,0.038744,1.145002,1.026068,0.038922,3.326621,2.998021,0.467460,3.330000,3.000000,0.470213,0.010000,0.010000,0.000100
121,1.605309,0.326941,1.110578,1.060210,0.019986,1.142101,1.006358,0.047960,3.174331,2.871615,0.206818,3.310000,3.000000,0.462493,0.010000,0.100000,0.100000
31,0.014900,0.000562,1.139452,0.997599,0.046092,1.139027,0.997184,0.046193,3.301013,3.000000,0.455221,3.300000,3.000000,0.458258,100.000000,1.000000,0.001000
56,0.004314,0.001551,1.137921,0.997026,0.042089,1.139275,0.997184,0.042351,3.246778,2.998002,0.429936,3.250000,3.000000,0.433013,0.100000,0.000100,0.000100
95,0.007874,0.002566,1.147518,1.018959,0.044217,1.149680,1.019681,0.044635,3.383179,2.996477,0.482198,3.390000,3.000000,0.487750,0.100000,1.000000,0.000100
500,1.690296,0.312962,0.581607,0.553723,0.011067,1.150034,1.030561,0.041424,2.305583,2.017094,0.079561,3.360000,3.000000,0.480000,10.000000,0.100000,0.010000
90,1.560468,0.076550,1.181300,1.073415,0.042798,1.147221,1.019681,0.038920,3.468546,3.005940,0.275872,3.340000,3.000000,0.473709,100.000000,1.000000,0.100000
500,2.028281,0.338617,0.511591,0.494714,0.008051,1.143318,0.997184,0.041801,2.213611,2.028202,0.100224,3.310000,3.000000,0.462493,10.000000,0.010000,0.010000
246,1.370076,0.297844,0.714474,0.687862,0.013816,1.146710,1.019681,0.042677,2.495774,2.327240,0.152646,3.350000,3.000000,0.476970,0.001000,0.001000,0.010000
38,0.003045,0.001267,1.134784,1.012254,0.045280,1.135692,1.012489,0.045509,3.287471,2.998257,0.451437,3.290000,3.000000,0.453762,1.000000,0.100000,0.000100
125,2.907621,0.370334,0.683430,0.671074,0.006737,1.146646,0.997184,0.050806,2.763111,2.508543,0.149298,3.280000,3.000000,0.448999,0.010000,0.001000,0.100000
68,0.042134,0.013553,1.132052,0.996563,0.040673,1.143587,0.997184,0.043010,3.251818,2.977683,0.418327,3.280000,3.000000,0.448999,0.001000,0.001000,0.001000
36,0.002788,0.000977,1.144877,1.055292,0.034581,1.145767,1.055786,0.034713,3.357382,2.998535,0.477850,3.360000,3.000000,0.480000,0.001000,0.000100,0.000100
86,1.640328,0.102436,1.169742,1.025637,0.056892,1.159079,1.048467,0.039902,3.424077,2.988045,0.255938,3.300000,3.000000,0.458258,100.000000,0.100000,0.100000
151,1.800926,0.137179,1.177387,1.040193,0.059540,1.145381,1.006358,0.043491,3.533736,2.967227,0.253122,3.310000,3.000000,0.462493,100.000000,0.100000,0.100000
436,1.820001,0.314725,0.489532,0.436913,0.013643,1.148918,1.032867,0.039713,2.044088,1.850312,0.209824,3.300000,3.000000,0.458258,0.100000,0.000100,0.010000
130,1.847887,0.326171,1.112505,1.077572,0.017611,1.143884,1.006358,0.041358,3.153692,2.843575,0.203278,3.380000,3.000000,0.485386,0.100000,0.100000,0.100000
251,0.608512,0.037360,1.139980,1.033192,0.034481,1.147315,1.019681,0.039624,3.277664,2.986798,0.306962,3.320000,3.000000,0.466476,100.000000,0.100000,0.010000
58,0.019479,0.000606,1.149107,1.033379,0.035277,1.148574,1.032367,0.035424,3.370056,3.000000,0.478463,3.370000,3.000000,0.482804,100.000000,0.010000,0.001000
48,0.068907,0.013018,1.145738,1.017775,0.042683,1.142390,1.006358,0.044934,3.337044,2.992648,0.447853,3.350000,3.000000,0.476970,0.001000,10.000000,0.010000
34,0.002327,0.000700,1.146332,1.025897,0.042977,1.146882,1.026068,0.043095,3.338491,2.998851,0.472225,3.340000,3.000000,0.473709,0.100000,0.010000,0.000100
33,0.025921,0.008951,1.136011,1.028936,0.043921,1.143854,1.032867,0.045353,3.315824,2.984857,0.452630,3.340000,3.000000,0.473709,0.001000,0.100000,0.001000
40,0.002875,0.000812,1.143733,0.997086,0.048050,1.144416,0.997184,0.048220,3.288253,2.998721,0.452099,3.290000,3.000000,0.453762,0.001000,0.000100,0.000100
301,1.205228,0.282131,0.997113,0.944104,0.018204,1.140487,0.997184,0.040507,2.870394,2.627949,0.228034,3.350000,3.000000,0.476970,0.100000,0.100000,0.010000
43,0.001446,0.000002,1.149687,1.032860,0.045450,1.149684,1.032867,0.045448,3.360017,3.000000,0.479976,3.360000,3.000000,0.480000,100.000000,1.000000,0.000100
38,0.001428,0.000076,1.140003,1.032425,0.038502,1.139949,1.032367,0.038513,3.310062,3.000000,0.462120,3.310000,3.000000,0.462493,100.000000,0.001000,0.000100
124,0.091270,0.032915,1.119485,1.035115,0.032840,1.149764,1.061329,0.037295,3.254523,2.952098,0.407703,3.340000,3.000000,0.473709,0.010000,0.010000,0.001000
41,0.001499,0.000102,1.144458,1.019845,0.041645,1.144406,1.019681,0.041670,3.310045,3.000000,0.462024,3.310000,3.000000,0.462493,100.000000,0.010000,0.000100
35,0.097561,0.015229,1.153063,1.045600,0.041197,1.147562,1.032867,0.043523,3.326283,2.985414,0.440844,3.340000,3.000000,0.473709,0.100000,10.000000,0.010000
118,2.579636,0.353005,0.689834,0.667728,0.008338,1.148705,0.997184,0.039885,2.664075,2.293334,0.206094,3.290000,3.000000,0.453762,0.010000,0.010000,0.100000
214,1.047819,0.270383,1.000812,0.957556,0.015848,1.144976,1.019681,0.043638,2.866005,2.640885,0.170190,3.290000,3.000000,0.453762,0.001000,0.100000,0.010000
133,0.573554,0.059129,1.095872,1.029077,0.030227,1.144690,1.032367,0.039466,3.126503,2.909607,0.211211,3.260000,3.000000,0.438634,10.000000,10.000000,0.010000
375,1.382797,0.291960,0.936935,0.869325,0.018894,1.147052,1.048467,0.036974,2.837622,2.671095,0.164488,3.280000,3.000000,0.448999,1.000000,0.100000,0.010000
310,1.336614,0.281850,0.985194,0.948653,0.018000,1.143213,1.012489,0.041001,2.926167,2.759739,0.137957,3.310000,3.000000,0.462493,0.100000,0.100000,0.010000
61,0.004579,0.001638,1.144327,1.005680,0.045415,1.145801,1.006358,0.045702,3.256291,2.997613,0.435113,3.260000,3.000000,0.438634,0.010000,1.000000,0.000100
47,0.003217,0.001154,1.141597,1.032294,0.043102,1.142394,1.032367,0.043274,3.347691,2.998774,0.474473,3.350000,3.000000,0.476970,1.000000,0.100000,0.000100
122,1.796280,0.158525,1.172306,0.969807,0.061331,1.144084,1.026068,0.045471,3.529078,2.991432,0.223544,3.400000,3.000000,0.489898,100.000000,0.010000,0.100000
39,0.002652,0.000787,1.143755,1.025762,0.041077,1.144426,1.026068,0.041202,3.318161,2.998838,0.464501,3.320000,3.000000,0.466476,0.001000,0.100000,0.000100
89,1.633170,0.083941,1.181505,1.074665,0.045722,1.151956,1.019681,0.038716,3.411632,2.987742,0.251346,3.370000,3.000000,0.482804,100.000000,1.000000,0.100000
31,0.602603,0.120215,1.161924,1.069790,0.038815,1.145855,1.012489,0.042926,3.352372,2.990325,0.295116,3.290000,3.000000,0.453762,0.010000,10.000000,1.000000
63,0.004710,0.001974,1.150467,1.019689,0.042395,1.151512,1.019681,0.042679,3.345947,2.997822,0.472959,3.350000,3.000000,0.476970,1.000000,10.000000,0.000100
152,2.642531,0.358362,0.729732,0.712090,0.006889,1.146512,0.997184,0.037574,2.929907,2.636501,0.152589,3.340000,3.000000,0.473709,0.100000,0.010000,0.100000
31,0.822186,0.151791,1.201173,1.138719,0.024080,1.143899,1.020309,0.047312,3.250877,2.909915,0.269971,3.310000,3.000000,0.462493,0.100000,1.000000,0.100000
284,1.255980,0.290077,0.913384,0.858423,0.016193,1.147949,1.012489,0.041705,2.714176,2.561827,0.173333,3.330000,3.000000,0.470213,1.000000,0.100000,0.010000
493,2.132868,0.323239,0.337416,0.333303,0.003481,1.140150,1.006358,0.041547,1.926783,1.885398,0.074430,3.340000,3.000000,0.473709,1.000000,0.000100,0.010000
45,0.003520,0.001197,1.143287,1.025775,0.042317,1.144140,1.026068,0.042519,3.247688,2.998585,0.430158,3.250000,3.000000,0.433013,0.100000,10.000000,0.000100
360,1.357781,0.284138,0.983330,0.937204,0.019366,1.143413,1.045141,0.037436,2.904717,2.604869,0.192746,3.330000,3.000000,0.470213,0.010000,0.100000,0.010000
133,2.795813,0.368581,0.684280,0.669220,0.007585,1.146710,0.997184,0.046895,3.087403,2.837974,0.149494,3.370000,3.000000,0.482804,0.010000,0.000100,0.100000
170,0.517746,0.031994,1.136694,1.027347,0.036608,1.139346,0.997184,0.041874,3.292699,2.997890,0.343756,3.340000,3.000000,0.473709,100.000000,0.100000,0.010000
138,1.634003,0.314641,1.079561,1.041784,0.014686,1.143679,1.030561,0.045668,2.958061,2.648267,0.170397,3.310000,3.000000,0.462493,0.100000,0.100000,0.100000
55,0.087246,0.014550,1.144808,1.043532,0.039888,1.138874,1.032867,0.041819,3.321445,2.989816,0.446772,3.330000,3.000000,0.470213,0.010000,10.000000,0.010000
500,0.374562,0.150351,1.040524,0.968934,0.025981,1.143823,1.030561,0.041190,3.032165,2.722816,0.266482,3.360000,3.000000,0.480000,10.000000,0.100000,0.001000
31,0.802896,0.140658,1.173627,1.081189,0.030277,1.146459,1.006358,0.044718,3.421221,3.105940,0.214825,3.370000,3.000000,0.482804,0.010000,10.000000,1.000000
355,0.256439,0.093289,1.058343,0.981923,0.033405,1.141775,1.012489,0.049537,3.062658,2.852072,0.275012,3.340000,3.000000,0.473709,0.100000,0.000100,0.001000
115,2.802497,0.363911,0.649863,0.635019,0.006725,1.146191,1.006358,0.039647,2.748967,2.381823,0.192670,3.330000,3.000000,0.470213,1.000000,0.000100,0.100000
128,0.007851,0.002604,1.141510,0.997135,0.046214,1.143684,0.997184,0.046701,3.343340,2.996177,0.470407,3.350000,3.000000,0.476970,0.100000,0.100000,0.000100
470,1.776932,0.346540,0.436294,0.424722,0.007029,1.139720,1.030561,0.038853,2.021284,1.933630,0.116016,3.310000,3.000000,0.462493,10.000000,0.001000,0.010000
102,2.454090,0.366822,0.764083,0.730905,0.014545,1.144083,1.006358,0.040658,2.849764,2.463539,0.206896,3.320000,3.000000,0.466476,1.000000,0.010000,0.100000
126,1.926126,0.337209,0.602731,0.580443,0.008580,1.137532,1.006358,0.044583,2.209852,1.930453,0.097857,3.320000,3.000000,0.466476,10.000000,0.100000,0.100000
41,0.027024,0.008248,1.136266,1.017653,0.036490,1.142994,1.019681,0.037662,3.272247,2.987454,0.435059,3.290000,3.000000,0.453762,0.010000,0.010000,0.001000
169,2.706479,0.419520,0.707540,0.677589,0.011996,1.151645,1.019681,0.046620,3.303691,2.964604,0.200506,3.300000,3.000000,0.458258,10.000000,0.001000,0.100000
121,1.651836,0.325604,1.107184,1.072357,0.018298,1.145281,1.019681,0.042352,3.133611,2.828459,0.187110,3.280000,3.000000,0.448999,0.100000,0.100000,0.100000
43,0.002746,0.000866,1.136944,1.006138,0.045836,1.137643,1.006358,0.045982,3.228534,2.998705,0.419205,3.230000,3.000000,0.420833,0.001000,0.010000,0.000100
76,0.048103,0.014195,1.135204,1.000050,0.043845,1.144364,0.997184,0.046424,3.311068,2.984202,0.442234,3.340000,3.000000,0.473709,0.001000,1.000000,0.001000
77,2.507898,0.353083,0.750158,0.708012,0.019495,1.143199,1.044218,0.037653,2.732346,2.395896,0.209329,3.310000,3.000000,0.462493,0.001000,0.010000,0.100000
211,1.426705,0.303681,0.663031,0.628412,0.016184,1.142935,0.997184,0.041357,2.471960,2.166774,0.164883,3.310000,3.000000,0.462493,0.001000,0.000100,0.010000
203,1.079824,0.278125,0.984914,0.929901,0.016420,1.142257,1.012489,0.047024,2.877928,2.696076,0.193830,3.340000,3.000000,0.473709,0.001000,0.100000,0.010000
500,1.926291,0.313565,0.488838,0.464214,0.008291,1.145638,1.006358,0.049369,2.108509,2.002440,0.114297,3.400000,3.000000,0.489898,10.000000,0.100000,0.010000
89,0.051992,0.014548,1.140521,1.014212,0.042501,1.140794,1.006358,0.045119,3.317558,2.994475,0.440278,3.340000,3.000000,0.473709,1.000000,10.000000,0.001000
121,2.366731,0.385980,0.548543,0.532154,0.006969,1.144951,1.006358,0.037661,2.568603,2.367199,0.134967,3.330000,3.000000,0.470213,10.000000,0.000100,0.100000
75,0.026525,0.000043,1.146607,1.019681,0.039543,1.146550,1.019681,0.039527,3.290418,3.000000,0.453011,3.290000,3.000000,0.453762,100.000000,0.100000,0.001000
143,2.760689,0.356322,0.703446,0.680197,0.008658,1.141982,1.006358,0.046018,2.653288,2.338382,0.195882,3.350000,3.000000,0.476970,1.000000,0.010000,0.100000
500,2.057562,0.347553,0.431975,0.417644,0.007042,1.148067,1.030561,0.042454,2.008287,1.926142,0.111807,3.280000,3.000000,0.448999,10.000000,0.000100,0.010000
37,0.024808,0.007564,1.136977,0.996937,0.045714,1.143069,0.997184,0.047107,3.370690,2.988008,0.470888,3.390000,3.000000,0.487750,0.100000,0.010000,0.001000
54,0.033561,0.010937,1.139412,1.026238,0.041676,1.148931,1.030561,0.043617,3.314093,2.988821,0.446232,3.340000,3.000000,0.473709,0.100000,0.100000,0.001000
149,2.165202,0.354286,0.733999,0.710569,0.013311,1.139523,1.006358,0.039473,2.581424,2.308034,0.165854,3.320000,3.000000,0.466476,10.000000,0.100000,0.100000
106,0.007941,0.003700,1.148348,1.019994,0.042209,1.149307,1.019681,0.042675,3.324865,2.996048,0.463041,3.330000,3.000000,0.470213,10.000000,10.000000,0.000100
85,2.632582,0.349078,0.644214,0.621877,0.010446,1.145556,1.026068,0.042379,2.655384,2.321966,0.229724,3.340000,3.000000,0.473709,0.001000,0.010000,0.100000
483,2.377422,0.319646,0.343893,0.339273,0.007451,1.140344,1.019681,0.041797,2.154697,1.995662,0.028819,3.360000,3.000000,0.480000,0.100000,0.001000,0.010000
296,1.797040,0.311864,0.508378,0.473299,0.014443,1.145830,0.997184,0.044811,2.277939,2.111873,0.183679,3.330000,3.000000,0.470213,0.010000,0.001000,0.010000
47,0.030489,0.009560,1.132403,1.010142,0.041381,1.140311,1.012489,0.042939,3.308115,2.986039,0.450223,3.330000,3.000000,0.470213,0.100000,0.001000,0.001000
106,1.866148,0.323350,1.029579,0.979769,0.016025,1.139954,1.006358,0.041513,3.030383,2.712660,0.180559,3.400000,3.000000,0.489898,1.000000,0.100000,0.100000
397,1.589917,0.309014,0.606255,0.578190,0.014239,1.139956,0.997184,0.046527,2.599626,2.153940,0.127695,3.360000,3.000000,0.480000,0.010000,0.010000,0.010000
74,0.054712,0.019849,1.123786,1.007313,0.038468,1.140712,1.012489,0.041483,3.237919,2.972221,0.411610,3.280000,3.000000,0.448999,0.001000,0.010000,0.001000
94,0.057771,0.018554,1.126607,1.019938,0.038685,1.141297,1.026068,0.041356,3.357477,2.975379,0.447684,3.410000,3.000000,0.491833,0.001000,0.100000,0.001000
48,0.034016,0.011742,1.142481,1.031435,0.042138,1.150917,1.032367,0.043953,3.304767,2.983019,0.446958,3.330000,3.000000,0.470213,1.000000,0.000100,0.001000
150,2.689481,0.400604,0.888618,0.858780,0.012440,1.146907,1.032367,0.040160,3.675603,3.268274,0.178503,3.290000,3.000000,0.453762,0.100000,0.010000,0.100000
385,1.738524,0.311139,0.542995,0.509129,0.012137,1.143192,0.997184,0.046422,2.340881,2.204817,0.141620,3.370000,3.000000,0.482804,0.010000,0.000100,0.010000
43,0.027762,0.008556,1.142562,1.017430,0.037905,1.149668,1.019681,0.039137,3.378005,2.988414,0.470093,3.400000,3.000000,0.489898,0.001000,0.100000,0.001000
451,1.769706,0.314553,0.491204,0.470514,0.008820,1.145077,1.019681,0.048963,2.207524,2.055466,0.195440,3.310000,3.000000,0.462493,0.100000,0.001000,0.010000
194,0.139367,0.050923,1.104806,1.010479,0.036270,1.153439,1.039450,0.043904,3.187523,2.914137,0.359050,3.320000,3.000000,0.466476,0.010000,0.001000,0.001000
421,1.839309,0.316577,0.501709,0.478837,0.009528,1.135373,0.997184,0.043452,2.171197,1.918773,0.166725,3.240000,3.000000,0.427083,1.000000,0.001000,0.010000
442,0.232606,0.091426,1.108646,1.028875,0.028891,1.148965,1.048467,0.039722,3.158226,2.840904,0.315606,3.320000,3.000000,0.466476,10.000000,1.000000,0.001000
79,0.003164,0.000308,1.150632,1.033018,0.043335,1.150599,1.032867,0.043408,3.279772,2.999993,0.447699,3.280000,3.000000,0.448999,100.000000,0.100000,0.000100
167,0.124551,0.043981,1.104665,1.014426,0.035342,1.144804,1.032867,0.042087,3.222986,2.931393,0.374255,3.340000,3.000000,0.473709,0.010000,0.000100,0.001000
66,0.036250,0.010568,1.139518,1.036953,0.040706,1.140026,1.032867,0.042575,3.280903,2.996665,0.435301,3.290000,3.000000,0.453762,1.000000,10.000000,0.001000
500,0.367410,0.130361,1.024133,0.953525,0.025227,1.142787,1.006358,0.044094,3.005201,2.796759,0.263692,3.350000,3.000000,0.476970,0.100000,0.001000,0.001000
324,1.231368,0.219860,0.850590,0.811644,0.017291,1.148643,1.032367,0.037898,2.625862,2.434048,0.121156,3.390000,3.000000,0.487750,10.000000,1.000000,0.010000
456,2.129991,0.322175,0.354365,0.347277,0.006546,1.147957,0.997184,0.044043,1.859064,1.697052,0.192484,3.280000,3.000000,0.448999,1.000000,0.001000,0.010000
39,0.031749,0.010614,1.136961,1.021093,0.042473,1.146611,1.026068,0.044317,3.340446,2.984272,0.460184,3.370000,3.000000,0.482804,0.001000,0.001000,0.001000
84,1.751727,0.315782,1.094068,1.036151,0.018986,1.138535,1.006358,0.045426,3.151972,2.799773,0.213627,3.310000,3.000000,0.462493,0.001000,0.100000,0.100000
500,0.308787,0.123352,1.075006,0.993507,0.029061,1.153388,1.019681,0.045179,3.082969,2.779058,0.277588,3.310000,3.000000,0.462493,10.000000,0.001000,0.001000
73,0.028412,0.002326,1.148174,1.032683,0.041575,1.147765,1.030561,0.041946,3.269423,3.000000,0.433060,3.270000,3.000000,0.443959,100.000000,0.000100,0.001000
55,1.326659,0.028629,1.160810,1.048007,0.034502,1.141402,0.997184,0.037661,3.348364,3.016053,0.369220,3.310000,3.000000,0.462493,100.000000,10.000000,0.100000
44,0.003445,0.001271,1.147885,1.044011,0.042188,1.148229,1.044218,0.042348,3.338314,2.998206,0.471474,3.340000,3.000000,0.473709,10.000000,10.000000,0.000100
74,0.004503,0.001468,1.151155,1.038905,0.039778,1.152426,1.039450,0.039984,3.316390,2.997775,0.462925,3.320000,3.000000,0.466476,0.010000,1.000000,0.000100
33,0.002775,0.000899,1.146794,1.012245,0.041081,1.147619,1.012489,0.041229,3.417167,2.998616,0.491073,3.420000,3.000000,0.493559,0.001000,1.000000,0.000100
139,2.302762,0.375315,0.567970,0.550825,0.007741,1.144424,1.039450,0.041926,2.411835,2.168190,0.152863,3.320000,3.000000,0.466476,10.000000,0.010000,0.100000
59,0.035708,0.011266,1.130672,0.998960,0.041465,1.138116,0.997184,0.043592,3.288790,2.989062,0.437720,3.310000,3.000000,0.462493,0.010000,1.000000,0.001000
95,2.747626,0.378235,0.771583,0.729813,0.012154,1.144594,1.012489,0.044952,3.256134,2.851569,0.142475,3.290000,3.000000,0.453762,0.100000,0.001000,0.100000
53,0.003438,0.001057,1.140522,1.019378,0.047995,1.141417,1.019681,0.048193,3.327649,2.998603,0.467723,3.330000,3.000000,0.470213,0.010000,0.100000,0.000100
321,0.223714,0.096941,1.066241,0.975166,0.028750,1.144302,1.006358,0.042243,3.141515,2.864935,0.336509,3.380000,3.000000,0.485386,1.000000,0.000100,0.001000
139,2.376636,0.385807,0.555252,0.538072,0.007470,1.145876,1.006358,0.041273,2.516991,2.304727,0.150308,3.300000,3.000000,0.458258,10.000000,0.001000,0.100000
33,0.002703,0.001021,1.135875,1.019749,0.044520,1.136159,1.019681,0.044641,3.299089,2.998407,0.456671,3.300000,3.000000,0.458258,10.000000,0.010000,0.000100
347,0.240378,0.086542,1.077998,1.002509,0.031040,1.143119,1.012489,0.046606,3.121375,2.879357,0.295050,3.340000,3.000000,0.473709,0.010000,0.100000,0.001000
90,1.466311,0.310231,1.072746,1.030606,0.016642,1.140607,1.006358,0.042680,3.022425,2.757041,0.184424,3.290000,3.000000,0.453762,0.001000,0.100000,0.100000
79,2.937299,0.367967,0.723614,0.695833,0.016180,1.141820,1.020309,0.044621,3.045253,2.625298,0.228242,3.340000,3.000000,0.473709,0.001000,0.000100,0.100000
226,0.152530,0.056890,1.129361,1.031921,0.033748,1.148214,1.020309,0.042018,3.264419,2.945619,0.372402,3.380000,3.000000,0.485386,1.000000,1.000000,0.001000
134,1.829098,0.183464,1.176649,1.075016,0.051086,1.143386,1.012489,0.044972,3.467740,2.993913,0.187164,3.320000,3.000000,0.466476,100.000000,0.010000,0.100000
136,1.860568,0.219399,0.866435,0.803104,0.022438,1.148525,1.020309,0.046071,2.724003,2.384440,0.193036,3.400000,3.000000,0.489898,10.000000,1.000000,0.100000
341,1.149434,0.216606,0.891540,0.851501,0.018351,1.140770,0.997184,0.045025,2.626014,2.480761,0.125141,3.290000,3.000000,0.453762,10.000000,1.000000,0.010000
144,1.877090,0.137274,1.165555,1.045438,0.055123,1.148422,1.052793,0.038899,3.454533,2.997568,0.271224,3.370000,3.000000,0.482804,100.000000,0.100000,0.100000
500,0.395108,0.155281,1.035033,0.953511,0.026008,1.145324,1.019681,0.043358,3.016510,2.751455,0.263504,3.280000,3.000000,0.448999,10.000000,0.010000,0.001000
56,0.076207,0.013777,1.152039,1.036808,0.039953,1.148768,1.026068,0.042228,3.356137,2.991415,0.455676,3.370000,3.000000,0.482804,0.100000,10.000000,0.010000
446,1.824270,0.311176,0.566728,0.543036,0.009866,1.146157,1.039450,0.040289,2.379782,2.209842,0.182055,3.320000,3.000000,0.466476,0.100000,0.010000,0.010000
311,0.228280,0.093880,1.071797,0.995308,0.028722,1.141399,0.997184,0.040945,3.101972,2.877869,0.317111,3.310000,3.000000,0.462493,1.000000,0.010000,0.001000
123,1.614532,0.313542,1.067103,1.018799,0.016635,1.143902,1.006358,0.045005,2.997401,2.650611,0.187968,3.350000,3.000000,0.476970,0.100000,0.100000,0.100000
93,0.055318,0.018521,1.130558,1.019321,0.038688,1.145800,1.026068,0.041277,3.312342,2.978886,0.436994,3.360000,3.000000,0.480000,0.010000,0.100000,0.001000
47,0.001660,0.000058,1.140092,1.012525,0.042486,1.140049,1.012489,0.042496,3.310052,3.000000,0.462166,3.310000,3.000000,0.462493,100.000000,0.000100,0.000100
173,0.109968,0.047490,1.131523,1.007594,0.034001,1.150258,1.006358,0.040232,3.253753,2.947960,0.394138,3.320000,3.000000,0.466476,10.000000,0.100000,0.001000
36,0.002893,0.000985,1.144006,1.052168,0.035672,1.144887,1.052793,0.035794,3.247795,2.998082,0.430944,3.250000,3.000000,0.433013,0.001000,0.001000,0.000100
31,0.789436,0.139018,1.194486,1.077478,0.043110,1.142032,1.020309,0.040707,3.368223,3.048635,0.268375,3.300000,3.000000,0.458258,0.001000,10.000000,1.000000
320,1.385904,0.292074,0.892952,0.860886,0.013880,1.146151,1.006358,0.045921,2.763059,2.528809,0.168073,3.390000,3.000000,0.487750,1.000000,0.100000,0.010000
444,1.784285,0.337386,0.529354,0.513639,0.007072,1.141342,1.006358,0.047418,2.181937,2.044940,0.105104,3.290000,3.000000,0.453762,10.000000,0.000100,0.010000
400,0.101949,0.016091,1.139297,1.009376,0.046391,1.141040,0.997184,0.050222,3.284508,2.984912,0.401763,3.310000,3.000000,0.462493,100.000000,0.001000,0.001000
67,0.005196,0.001806,1.142960,1.042924,0.036333,1.144631,1.044218,0.036545,3.255828,2.996807,0.434825,3.260000,3.000000,0.438634,0.010000,0.100000,0.000100
500,1.908103,0.314866,0.496489,0.474225,0.008061,1.135861,1.020309,0.045614,2.106424,2.039147,0.075653,3.270000,3.000000,0.443959,10.000000,0.100000,0.010000
125,0.460663,0.116946,1.140681,1.075215,0.024918,1.148303,1.032867,0.040522,3.177014,2.957619,0.302825,3.300000,3.000000,0.458258,0.001000,1.000000,0.010000
153,0.437454,0.039312,1.144009,1.031916,0.038186,1.140658,0.997184,0.043128,3.281992,3.000000,0.315999,3.330000,3.000000,0.470213,100.000000,0.000100,0.010000
31,0.765999,0.121702,1.163742,1.071779,0.032353,1.144255,1.019681,0.038900,3.357770,2.997270,0.268271,3.280000,3.000000,0.448999,0.001000,10.000000,1.000000
500,0.351776,0.129681,1.029769,0.958253,0.024258,1.147168,1.032367,0.040979,3.021287,2.804352,0.282390,3.370000,3.000000,0.482804,0.100000,0.010000,0.001000
81,0.258010,0.012048,1.153310,1.049576,0.033609,1.147507,1.048467,0.035066,3.333327,3.000000,0.404081,3.330000,3.000000,0.470213,100.000000,0.000100,0.010000
122,1.746022,0.159049,1.152830,1.030907,0.053647,1.144859,1.026068,0.043809,3.447448,2.998607,0.199189,3.320000,3.000000,0.466476,100.000000,0.000100,0.100000
219,1.470814,0.301468,0.709088,0.675065,0.014423,1.142788,1.020309,0.042271,2.551092,2.403688,0.157657,3.370000,3.000000,0.482804,0.001000,0.010000,0.010000
482,0.119333,0.017458,1.142756,1.010542,0.037711,1.147903,0.997184,0.041114,3.290309,2.980689,0.403040,3.320000,3.000000,0.466476,100.000000,0.010000,0.001000
500,1.855531,0.313122,0.581898,0.557411,0.008141,1.145721,1.026068,0.038783,2.197009,2.053786,0.139458,3.270000,3.000000,0.443959,10.000000,0.100000,0.010000
66,0.005200,0.001783,1.140914,1.005654,0.040534,1.142491,1.006358,0.040783,3.275683,2.997564,0.444695,3.280000,3.000000,0.448999,0.010000,0.000100,0.000100
42,0.001680,0.000138,1.148374,1.030638,0.045477,1.148329,1.030561,0.045512,3.379929,3.000000,0.484666,3.380000,3.000000,0.485386,100.000000,10.000000,0.000100
200,0.147585,0.052097,1.101390,1.004860,0.034573,1.141989,1.012489,0.042312,3.213888,2.930062,0.362027,3.350000,3.000000,0.476970,0.100000,0.100000,0.001000
311,0.089958,0.011403,1.144847,1.025543,0.041010,1.145897,1.019681,0.042970,3.286012,2.985845,0.414650,3.300000,3.000000,0.458258,100.000000,0.100000,0.001000
36,0.021296,0.005577,1.143752,1.008340,0.046086,1.145018,1.006358,0.047135,3.389566,2.997969,0.475441,3.400000,3.000000,0.489898,0.010000,10.000000,0.001000
118,0.008079,0.003447,1.136254,0.997953,0.045157,1.137253,0.997184,0.045592,3.335749,2.995388,0.467938,3.340000,3.000000,0.473709,10.000000,0.001000,0.000100
56,0.029306,0.007685,1.146315,1.016147,0.040188,1.147041,1.012489,0.041354,3.299905,2.993775,0.446275,3.310000,3.000000,0.462493,0.100000,10.000000,0.001000
367,1.747540,0.315962,0.486973,0.455314,0.011042,1.150321,1.006358,0.048757,2.195591,2.011950,0.210207,3.370000,3.000000,0.482804,1.000000,0.010000,0.010000
37,0.024840,0.007335,1.139995,1.019029,0.041645,1.144971,1.020309,0.042666,3.345049,2.993797,0.463336,3.360000,3.000000,0.480000,0.100000,1.000000,0.001000
51,0.003389,0.001021,1.143221,1.006089,0.046010,1.144085,1.006358,0.046202,3.327627,2.998459,0.467930,3.330000,3.000000,0.470213,0.001000,0.100000,0.000100
82,0.030889,0.001585,1.145761,0.999349,0.041854,1.145172,0.997184,0.042159,3.300072,3.000000,0.449601,3.300000,3.000000,0.458258,100.000000,0.001000,0.001000
86,0.006731,0.002348,1.147069,1.047455,0.035204,1.149134,1.048467,0.035522,3.234564,2.996460,0.421896,3.240000,3.000000,0.427083,0.100000,0.100000,0.000100
84,1.740417,0.317112,1.103788,1.062776,0.019227,1.148808,1.030561,0.038350,3.151572,2.842277,0.172922,3.360000,3.000000,0.480000,0.001000,0.100000,0.100000
74,0.191943,0.002906,1.145097,1.014352,0.038988,1.143705,1.012489,0.039500,3.283080,3.000000,0.433606,3.280000,3.000000,0.448999,100.000000,10.000000,0.010000
133,1.714077,0.316565,1.029151,0.995527,0.014603,1.150363,0.997184,0.042241,3.019389,2.684784,0.165229,3.360000,3.000000,0.480000,1.000000,0.100000,0.100000
500,0.434109,0.155742,1.032158,0.965211,0.027186,1.141081,1.012489,0.045280,3.011166,2.725168,0.249733,3.310000,3.000000,0.462493,10.000000,0.000100,0.001000
45,0.003728,0.001257,1.139246,1.005942,0.041093,1.140330,1.006358,0.041289,3.336855,2.998274,0.470912,3.340000,3.000000,0.473709,0.100000,0.001000,0.000100
50,0.001727,0.000090,1.144605,1.012630,0.042225,1.144567,1.012489,0.042253,3.290078,3.000000,0.453279,3.290000,3.000000,0.453762,100.000000,10.000000,0.000100
229,0.140247,0.029440,1.136545,1.020360,0.040423,1.144072,1.006358,0.046369,3.271673,2.948607,0.396123,3.320000,3.000000,0.466476,10.000000,10.000000,0.001000
45,0.016222,0.000601,1.143736,1.012659,0.033877,1.143068,1.012489,0.033903,3.261655,3.000000,0.434377,3.260000,3.000000,0.438634,100.000000,0.000100,0.001000
500,0.393481,0.155715,1.033698,0.959626,0.027138,1.147256,1.030561,0.046555,3.052283,2.741436,0.254191,3.460000,3.000000,0.498397,10.000000,0.001000,0.001000
142,0.313980,0.010924,1.139603,1.004099,0.041162,1.138452,0.997184,0.043913,3.292805,2.996669,0.389975,3.300000,3.000000,0.458258,100.000000,10.000000,0.010000
500,0.337334,0.122972,1.078885,0.995153,0.027592,1.150482,1.006358,0.046245,3.078630,2.762033,0.264784,3.340000,3.000000,0.473709,10.000000,1.000000,0.001000
64,0.004914,0.002113,1.138349,1.019972,0.045221,1.139880,1.020309,0.045564,3.385032,2.997861,0.483187,3.390000,3.000000,0.487750,1.000000,0.100000,0.000100
110,0.010629,0.004216,1.145496,1.006626,0.039775,1.147024,1.006358,0.040302,3.284201,2.994129,0.447278,3.290000,3.000000,0.453762,10.000000,0.000100,0.000100
151,0.427638,0.037543,1.147649,1.044038,0.037618,1.147112,1.030561,0.043115,3.289698,3.000000,0.325822,3.340000,3.000000,0.473709,100.000000,0.001000,0.010000
92,0.086709,0.014815,1.154397,1.031392,0.039961,1.148470,1.020309,0.042293,3.266187,2.995144,0.419634,3.270000,3.000000,0.443959,0.001000,10.000000,0.010000
42,0.003390,0.001146,1.141330,1.032372,0.045058,1.142316,1.032867,0.045248,3.337155,2.998386,0.471172,3.340000,3.000000,0.473709,0.010000,0.100000,0.000100
68,0.006655,0.002673,1.139610,1.032489,0.039400,1.140442,1.032367,0.039709,3.316417,2.997652,0.462103,3.320000,3.000000,0.466476,10.000000,0.100000,0.000100
52,0.148083,0.004353,1.154016,1.047553,0.041457,1.150382,1.032367,0.042951,3.359244,3.000000,0.451162,3.350000,3.000000,0.476970,100.000000,1.000000,0.010000
500,2.021064,0.342203,0.486932,0.468175,0.011300,1.138592,1.026068,0.039696,2.132763,1.971563,0.115588,3.340000,3.000000,0.473709,10.000000,0.001000,0.010000
52,0.165673,0.005656,1.148276,1.014362,0.046245,1.144393,1.006358,0.046981,3.239398,3.000000,0.383836,3.220000,3.000000,0.414246,100.000000,0.010000,0.010000
110,0.428977,0.102846,1.137022,1.058649,0.030654,1.135621,1.006358,0.045323,3.190089,2.954240,0.283763,3.320000,3.000000,0.466476,0.010000,1.000000,0.010000
146,0.398609,0.020189,1.144420,1.026102,0.036663,1.149467,1.026068,0.038773,3.279175,3.000000,0.372774,3.300000,3.000000,0.458258,100.000000,1.000000,0.010000
92,0.403499,0.055030,1.117138,1.032872,0.030641,1.144474,1.019681,0.039340,3.202056,2.905035,0.291188,3.330000,3.000000,0.470213,10.000000,10.000000,0.010000
124,0.558107,0.138633,1.136748,1.070463,0.025572,1.145614,1.006358,0.046416,3.139105,2.941415,0.269060,3.380000,3.000000,0.485386,1.000000,1.000000,0.010000
191,0.574620,0.138463,1.138221,1.068214,0.023916,1.137466,1.006358,0.042797,3.133099,2.940218,0.262344,3.250000,3.000000,0.433013,1.000000,1.000000,0.010000
50,0.003168,0.001012,1.141513,0.997114,0.045000,1.142360,0.997184,0.045194,3.268263,2.998371,0.442203,3.270000,3.000000,0.443959,0.010000,0.000100,0.000100
237,0.144354,0.048627,1.125874,1.027684,0.035937,1.142184,1.012489,0.044658,3.207243,2.958113,0.353514,3.280000,3.000000,0.448999,0.010000,1.000000,0.001000
491,2.233950,0.320484,0.354703,0.342254,0.005026,1.144697,1.012489,0.045077,1.965873,1.891520,0.103373,3.330000,3.000000,0.470213,0.100000,0.000100,0.010000
481,0.299691,0.119633,1.072504,0.992293,0.028819,1.142057,1.020309,0.040210,3.084680,2.842357,0.269268,3.290000,3.000000,0.453762,10.000000,0.010000,0.001000
37,0.002569,0.000721,1.145431,1.020186,0.046698,1.145913,1.020309,0.046823,3.398246,2.998878,0.488324,3.400000,3.000000,0.489898,0.010000,10.000000,0.000100
31,0.740291,0.142061,1.189335,1.095270,0.030174,1.142294,1.019681,0.037747,3.324124,3.064240,0.241414,3.290000,3.000000,0.453762,0.100000,10.000000,1.000000
67,0.002481,0.000205,1.149952,1.006514,0.047030,1.149901,1.006358,0.047091,3.329898,3.000000,0.469277,3.330000,3.000000,0.470213,100.000000,0.000100,0.000100
393,0.276027,0.044615,1.125128,1.019863,0.031412,1.147145,0.997184,0.040388,3.284131,2.949492,0.357803,3.400000,3.000000,0.489898,10.000000,10.000000,0.001000
105,0.402061,0.100330,1.142681,1.064422,0.023850,1.149637,1.060416,0.037441,3.192919,2.971713,0.289477,3.310000,3.000000,0.462493,0.001000,1.000000,0.010000
169,0.103137,0.039838,1.117554,0.998878,0.039813,1.143802,1.006358,0.045831,3.189265,2.957798,0.363377,3.260000,3.000000,0.438634,1.000000,0.100000,0.001000
112,0.049120,0.011874,1.145506,1.026131,0.046877,1.146104,1.019681,0.049367,3.314848,2.993904,0.446496,3.330000,3.000000,0.470213,0.100000,10.000000,0.001000
86,2.765301,0.357687,0.625447,0.611787,0.006323,1.144854,1.032367,0.040521,2.423767,2.135169,0.187396,3.340000,3.000000,0.473709,0.001000,0.000100,0.100000
69,0.005395,0.002276,1.147856,1.019826,0.043524,1.149575,1.020309,0.043875,3.295644,2.997281,0.454540,3.300000,3.000000,0.458258,1.000000,0.000100,0.000100
500,0.113649,0.016203,1.148314,1.029515,0.035507,1.152242,1.026068,0.037956,3.205691,2.982930,0.361770,3.220000,3.000000,0.414246,100.000000,0.100000,0.001000
213,1.436936,0.303248,0.644027,0.613684,0.014263,1.142880,1.030561,0.041234,2.474611,2.379912,0.097743,3.340000,3.000000,0.473709,0.001000,0.001000,0.010000
40,0.003133,0.001085,1.142111,1.019915,0.045691,1.143085,1.020309,0.045879,3.327307,2.998351,0.467771,3.330000,3.000000,0.470213,0.001000,0.010000,0.000100
437,1.661994,0.314208,0.538664,0.521970,0.009086,1.147438,1.012489,0.042962,2.291365,2.105657,0.213195,3.270000,3.000000,0.443959,1.000000,0.010000,0.010000
133,2.152237,0.210583,0.796280,0.747321,0.022416,1.148789,1.019681,0.044266,2.675657,2.458076,0.105020,3.350000,3.000000,0.476970,10.000000,1.000000,0.100000
242,0.073791,0.004962,1.139912,1.000514,0.037394,1.141756,0.997184,0.038215,3.225120,2.997121,0.398747,3.230000,3.000000,0.420833,100.000000,10.000000,0.001000
100,0.003357,0.000142,1.148504,1.026175,0.039470,1.148418,1.026068,0.039504,3.349990,3.000000,0.476167,3.350000,3.000000,0.476970,100.000000,0.010000,0.000100
377,1.824318,0.312854,0.509817,0.476617,0.010276,1.147989,1.012489,0.046207,2.328130,2.145823,0.161159,3.340000,3.000000,0.473709,0.100000,0.010000,0.010000
31,1.623933,0.281208,1.292627,1.210108,0.030365,1.138371,1.006358,0.047497,3.488939,3.149549,0.203740,3.330000,3.000000,0.470213,0.001000,1.000000,1.000000
86,0.054894,0.020712,1.131314,1.016584,0.044319,1.145142,1.020309,0.047815,3.277932,2.973842,0.425971,3.320000,3.000000,0.466476,1.000000,0.100000,0.001000
85,0.836192,0.148948,1.180881,1.118812,0.022512,1.141189,0.997184,0.041328,3.185385,2.893298,0.240289,3.350000,3.000000,0.476970,1.000000,1.000000,0.100000
76,0.003032,0.000289,1.138511,1.026182,0.040888,1.138477,1.026068,0.040948,3.269858,2.999325,0.442781,3.270000,3.000000,0.443959,100.000000,1.000000,0.000100
79,0.050260,0.016156,1.127722,1.019574,0.041187,1.140784,1.026068,0.043318,3.381601,2.976059,0.458422,3.430000,3.000000,0.495076,0.100000,0.000100,0.001000
44,0.003110,0.000899,1.145259,1.006073,0.043569,1.145995,1.006358,0.043723,3.298318,2.999169,0.456414,3.300000,3.000000,0.458258,0.100000,0.000100,0.000100
31,0.211387,0.030572,1.156548,1.026051,0.038737,1.140699,0.997184,0.043351,3.379103,3.013122,0.427160,3.370000,3.000000,0.482804,0.010000,10.000000,0.100000
31,0.831141,0.134645,1.171770,1.067169,0.031715,1.139014,1.006358,0.043816,3.374980,3.061629,0.270074,3.270000,3.000000,0.443959,0.100000,10.000000,1.000000
79,0.008907,0.003091,1.143696,1.012485,0.042163,1.144739,1.012489,0.042544,3.316297,2.995052,0.461930,3.320000,3.000000,0.466476,10.000000,0.010000,0.000100
31,0.290864,0.049673,1.172188,1.078263,0.033995,1.147368,1.048496,0.038456,3.300328,2.999438,0.363247,3.280000,3.000000,0.448999,0.100000,10.000000,0.100000
73,0.005432,0.002002,1.135477,0.997122,0.043522,1.137176,0.997184,0.043884,3.305400,2.997029,0.458818,3.310000,3.000000,0.462493,0.100000,0.100000,0.000100
500,0.355869,0.123667,1.061166,0.997959,0.027820,1.146059,0.997184,0.052284,3.057917,2.811533,0.292561,3.320000,3.000000,0.466476,0.100000,0.100000,0.001000
53,0.003723,0.001083,1.143259,0.997195,0.046661,1.144151,0.997184,0.046884,3.307938,2.998633,0.460517,3.310000,3.000000,0.462493,0.100000,1.000000,0.000100
123,1.788941,0.329537,1.050150,1.007999,0.016641,1.146623,1.026068,0.047105,3.050901,2.765603,0.172469,3.320000,3.000000,0.466476,1.000000,0.100000,0.100000
31,0.852756,0.153584,1.197296,1.109904,0.026009,1.139585,1.032867,0.040242,3.271771,2.841547,0.277270,3.390000,3.000000,0.487750,0.010000,1.000000,0.100000
142,1.853223,0.140680,1.181780,1.014063,0.059694,1.151540,1.026068,0.040029,3.523914,3.001602,0.219508,3.350000,3.000000,0.476970,100.000000,0.100000,0.100000
32,0.002216,0.000653,1.144219,1.006250,0.038549,1.144695,1.006358,0.038665,3.318630,2.998958,0.465273,3.320000,3.000000,0.466476,0.100000,0.001000,0.000100
234,0.070890,0.008834,1.146528,1.013643,0.042577,1.147518,1.006358,0.044548,3.314926,2.992113,0.432867,3.330000,3.000000,0.470213,100.000000,1.000000,0.001000
92,0.005754,0.001878,1.141513,1.011975,0.038860,1.143165,1.012489,0.039166,3.344934,2.997548,0.472510,3.350000,3.000000,0.476970,0.100000,0.100000,0.000100
31,0.803323,0.149545,1.202615,1.149279,0.022879,1.143555,0.997184,0.046391,3.239203,2.894094,0.240462,3.330000,3.000000,0.470213,0.001000,1.000000,0.100000
38,0.003049,0.001001,1.149328,1.019521,0.039104,1.150074,1.019681,0.039264,3.357730,2.998761,0.477917,3.360000,3.000000,0.480000,0.001000,10.000000,0.000100
118,0.004633,0.000364,1.146427,1.032929,0.043783,1.146396,1.032367,0.043854,3.369286,2.999928,0.480875,3.370000,3.000000,0.482804,100.000000,0.100000,0.000100
91,0.043707,0.010941,1.142837,1.025723,0.045455,1.143383,1.019681,0.047574,3.323575,2.996665,0.448529,3.340000,3.000000,0.473709,0.010000,10.000000,0.001000
57,0.004463,0.001545,1.138954,1.005759,0.041274,1.140334,1.006358,0.041488,3.256401,2.997461,0.435405,3.260000,3.000000,0.438634,0.010000,0.001000,0.000100
131,1.684158,0.332629,1.120633,1.082548,0.017626,1.145531,0.997184,0.045400,3.124813,2.839176,0.179347,3.360000,3.000000,0.480000,0.010000,0.100000,0.100000
66,0.004454,0.001623,1.136525,1.025685,0.043810,1.137580,1.026068,0.044060,3.296769,2.997961,0.455014,3.300000,3.000000,0.458258,1.000000,0.001000,0.000100
468,1.360065,0.290104,0.968322,0.928879,0.020018,1.141630,1.006358,0.047044,2.870684,2.726877,0.153069,3.310000,3.000000,0.462493,0.100000,0.100000,0.010000
124,0.937039,0.082268,1.122415,1.048844,0.032282,1.143742,1.012489,0.045585,3.233348,2.927856,0.255733,3.320000,3.000000,0.466476,10.000000,10.000000,0.100000
71,0.004434,0.001423,1.144126,1.012158,0.041355,1.145350,1.012489,0.041576,3.296981,2.998187,0.455444,3.300000,3.000000,0.458258,0.010000,0.100000,0.000100
135,2.818923,0.372583,0.702937,0.687921,0.006449,1.145368,0.997184,0.045401,3.219568,2.940632,0.127818,3.320000,3.000000,0.466476,0.100000,0.000100,0.100000
75,0.005490,0.001871,1.140860,1.032181,0.040153,1.142050,1.032367,0.040413,3.306217,2.997983,0.458386,3.310000,3.000000,0.462493,0.010000,10.000000,0.000100
81,0.848713,0.074603,1.115101,1.027196,0.029799,1.149113,1.019681,0.039302,3.169629,2.816411,0.258067,3.290000,3.000000,0.453762,10.000000,10.000000,0.100000
73,0.834439,0.136833,1.175324,1.109243,0.024243,1.149241,1.026068,0.043199,3.214889,2.947340,0.267749,3.340000,3.000000,0.473709,0.100000,1.000000,0.100000
140,2.673635,0.364171,0.706980,0.686755,0.006835,1.147072,1.030561,0.040305,2.803315,2.558235,0.138938,3.330000,3.000000,0.470213,0.100000,0.001000,0.100000
62,0.004795,0.002058,1.141009,1.012208,0.041048,1.142486,1.012489,0.041361,3.305646,2.997463,0.458763,3.310000,3.000000,0.462493,1.000000,0.010000,0.000100
31,0.242202,0.045981,1.164784,1.065861,0.039953,1.138964,1.019681,0.045830,3.251788,2.940504,0.367096,3.250000,3.000000,0.433013,1.000000,10.000000,0.100000
90,0.855285,0.136031,1.178935,1.109861,0.024954,1.146876,1.006358,0.046639,3.233849,2.947730,0.255250,3.380000,3.000000,0.485386,0.010000,1.000000,0.100000
500,0.281632,0.112170,1.056302,0.980213,0.027409,1.141694,1.012489,0.041713,3.045143,2.854097,0.240829,3.310000,3.000000,0.462493,1.000000,0.010000,0.001000
34,0.002918,0.000930,1.145280,1.044649,0.036567,1.146105,1.045141,0.036689,3.287922,2.998127,0.452006,3.290000,3.000000,0.453762,0.001000,0.100000,0.000100
500,0.368684,0.145268,1.021449,0.958012,0.025370,1.143966,0.997184,0.045515,2.989557,2.816834,0.251533,3.400000,3.000000,0.489898,1.000000,0.001000,0.001000
31,0.247630,0.039874,1.162413,1.029427,0.040288,1.142955,0.997184,0.047275,3.374738,2.963954,0.415608,3.380000,3.000000,0.485386,0.001000,10.000000,0.100000
31,0.259553,0.047207,1.168630,1.078100,0.036729,1.142529,1.039450,0.041924,3.315228,3.002069,0.387057,3.290000,3.000000,0.453762,0.010000,10.000000,0.100000
500,0.300318,0.119831,1.076783,0.994906,0.029990,1.144663,1.012489,0.044776,3.118208,2.770323,0.299205,3.320000,3.000000,0.466476,10.000000,0.100000,0.001000
32,0.009851,0.000012,1.138319,0.997287,0.041589,1.138304,0.997184,0.041597,3.329999,3.000000,0.470034,3.330000,3.000000,0.470213,100.000000,0.100000,0.001000
33,0.002854,0.001102,1.142903,0.997213,0.048531,1.143701,0.997184,0.048731,3.417332,2.998780,0.491354,3.420000,3.000000,0.493559,1.000000,0.001000,0.000100
82,0.007224,0.002426,1.151866,1.052097,0.038750,1.152745,1.052793,0.038998,3.277657,2.997562,0.444826,3.280000,3.000000,0.448999,10.000000,0.000100,0.000100
63,0.004064,0.001547,1.142061,1.025665,0.039640,1.143107,1.026068,0.039841,3.297209,2.998224,0.455454,3.300000,3.000000,0.458258,1.000000,0.100000,0.000100
500,0.399740,0.150207,1.038317,0.960761,0.025208,1.141380,0.997184,0.043028,3.000247,2.710663,0.266626,3.300000,3.000000,0.458258,10.000000,0.100000,0.001000
147,1.987594,0.202413,1.200382,1.071172,0.058406,1.147432,1.019681,0.047004,3.587406,3.079912,0.218567,3.290000,3.000000,0.453762,100.000000,0.001000,0.100000
46,0.028512,0.009143,1.138701,0.997548,0.046656,1.146495,0.997184,0.048576,3.316276,2.984269,0.453539,3.340000,3.000000,0.473709,0.001000,0.010000,0.001000
46,0.004657,0.001843,1.145213,1.019505,0.038810,1.145841,1.019681,0.039014,3.337539,2.997474,0.470625,3.340000,3.000000,0.473709,10.000000,0.001000,0.000100
69,0.021877,0.000506,1.146208,1.012875,0.040447,1.145876,1.012489,0.040563,3.310441,3.000000,0.458514,3.310000,3.000000,0.462493,100.000000,10.000000,0.001000
122,0.074943,0.024286,1.126060,1.012404,0.042451,1.146488,1.020309,0.046179,3.249442,2.962701,0.404265,3.310000,3.000000,0.462493,0.010000,0.000100,0.001000
42,0.002831,0.000832,1.141280,1.006157,0.045560,1.141991,1.006358,0.045709,3.258227,2.998766,0.436826,3.260000,3.000000,0.438634,0.001000,1.000000,0.000100
303,1.735034,0.313048,0.493690,0.470860,0.009298,1.150733,1.026068,0.045699,2.211307,2.028394,0.195355,3.310000,3.000000,0.462493,0.010000,0.000100,0.010000
41,0.165142,0.008632,1.143555,1.005835,0.042359,1.137989,0.997184,0.044507,3.367768,3.000000,0.427051,3.370000,3.000000,0.482804,100.000000,0.100000,0.010000
152,1.999831,0.198036,1.199502,1.057010,0.048530,1.132771,0.997184,0.046100,3.546683,3.091781,0.217589,3.340000,3.000000,0.473709,100.000000,0.001000,0.100000
116,0.322648,0.028966,1.139659,1.024963,0.040490,1.136969,0.997184,0.047142,3.320019,2.953187,0.363015,3.350000,3.000000,0.476970,100.000000,0.010000,0.010000
413,1.446587,0.292919,0.945893,0.903756,0.014654,1.141679,1.026068,0.043847,2.743514,2.555832,0.198001,3.320000,3.000000,0.466476,1.000000,0.100000,0.010000
39,0.003279,0.001208,1.143028,1.026106,0.038605,1.143364,1.026068,0.038749,3.308835,2.998387,0.460529,3.310000,3.000000,0.462493,10.000000,0.100000,0.000100
247,1.355932,0.298666,0.735230,0.700187,0.012680,1.147736,0.997184,0.046160,2.505893,2.323948,0.143584,3.400000,3.000000,0.489898,0.001000,0.000100,0.010000
77,0.047440,0.015617,1.134124,1.009539,0.045330,1.146778,1.012489,0.048337,3.248161,2.978739,0.416636,3.280000,3.000000,0.448999,0.100000,0.100000,0.001000
69,0.002439,0.000177,1.143273,1.020417,0.044197,1.143220,1.020309,0.044239,3.290063,3.000000,0.452902,3.290000,3.000000,0.453762,100.000000,0.100000,0.000100
52,0.003179,0.000999,1.136743,1.006232,0.044801,1.137415,1.006358,0.044965,3.238314,2.999033,0.424918,3.240000,3.000000,0.427083,0.001000,10.000000,0.000100
69,0.053583,0.018369,1.129657,1.049449,0.037248,1.145311,1.059563,0.039562,3.289645,2.980194,0.423091,3.340000,3.000000,0.473709,0.001000,0.100000,0.001000
190,0.570588,0.119698,1.142918,1.071327,0.023169,1.144078,1.012489,0.038698,3.173264,2.965076,0.289725,3.320000,3.000000,0.466476,0.100000,1.000000,0.010000
301,1.292702,0.285987,0.964148,0.926135,0.017320,1.148313,1.006358,0.041405,2.852965,2.601711,0.158721,3.310000,3.000000,0.462493,0.100000,0.100000,0.010000
500,0.345674,0.121724,1.055256,0.989284,0.023826,1.140731,0.997184,0.040967,3.026869,2.823093,0.251779,3.340000,3.000000,0.473709,0.010000,0.100000,0.001000
38,0.023577,0.005847,1.144852,1.014616,0.035757,1.146241,1.012489,0.036578,3.300645,2.992831,0.449439,3.310000,3.000000,0.462493,0.001000,10.000000,0.001000
126,2.032739,0.234604,1.176880,1.038258,0.051206,1.145864,1.012489,0.041544,3.424722,3.060166,0.177401,3.270000,3.000000,0.443959,100.000000,0.000100,0.100000
32,0.002138,0.000639,1.148066,1.006254,0.046231,1.148498,1.006358,0.046350,3.318575,2.999288,0.464690,3.320000,3.000000,0.466476,0.100000,10.000000,0.000100
99,0.006223,0.002413,1.141474,1.025569,0.038876,1.143063,1.026068,0.039207,3.315195,2.997247,0.461779,3.320000,3.000000,0.466476,1.000000,1.000000,0.000100
31,0.025297,0.008446,1.132656,0.996675,0.038855,1.139996,0.997184,0.040113,3.300003,2.986398,0.448275,3.320000,3.000000,0.466476,0.001000,0.000100,0.001000
33,0.002770,0.000922,1.145879,1.032134,0.039020,1.146692,1.032367,0.039152,3.367515,2.998631,0.480882,3.370000,3.000000,0.482804,0.100000,0.010000,0.000100
98,0.423435,0.111849,1.143389,1.079456,0.028616,1.147915,1.039450,0.041576,3.146666,2.914279,0.252733,3.320000,3.000000,0.466476,0.010000,1.000000,0.010000
113,0.463233,0.117532,1.136891,1.070456,0.024604,1.139105,1.019681,0.038980,3.174815,2.971151,0.283915,3.290000,3.000000,0.453762,0.100000,1.000000,0.010000
477,2.067157,0.319093,0.436742,0.408947,0.010773,1.142324,0.997184,0.038426,2.016123,1.831977,0.208663,3.310000,3.000000,0.462493,1.000000,0.000100,0.010000
500,0.346030,0.138605,1.047104,0.980931,0.026825,1.139066,1.006358,0.046916,2.995869,2.808442,0.227467,3.230000,3.000000,0.420833,1.000000,0.100000,0.001000
500,0.310381,0.123734,1.072482,0.997120,0.029152,1.143368,0.997184,0.046742,3.075124,2.811288,0.285968,3.260000,3.000000,0.438634,10.000000,0.000100,0.001000
47,0.003407,0.001424,1.141329,1.030705,0.043274,1.141750,1.030561,0.043469,3.348242,2.998253,0.474722,3.350000,3.000000,0.476970,10.000000,1.000000,0.000100
36,0.002884,0.000982,1.145270,1.047957,0.039676,1.146182,1.048467,0.039817,3.267910,2.998446,0.442209,3.270000,3.000000,0.443959,0.001000,0.100000,0.000100
107,0.003874,0.000395,1.146163,0.997596,0.042778,1.146112,0.997184,0.042861,3.319653,3.000000,0.464824,3.320000,3.000000,0.466476,100.000000,0.100000,0.000100
300,1.610797,0.308680,0.590244,0.564878,0.012628,1.138256,0.997184,0.046531,2.372905,2.240323,0.177928,3.300000,3.000000,0.458258,0.010000,0.010000,0.010000
46,0.074330,0.013635,1.151122,1.035666,0.040889,1.147705,1.026068,0.043033,3.309850,2.987215,0.442784,3.320000,3.000000,0.466476,0.010000,10.000000,0.010000
31,0.861694,0.144763,1.180530,1.082146,0.034537,1.145968,1.030561,0.038660,3.405620,3.091062,0.249951,3.340000,3.000000,0.473709,1.000000,10.000000,1.000000
31,0.734304,0.136765,1.181513,1.114973,0.022517,1.142686,0.997184,0.042688,3.230771,2.983644,0.265830,3.280000,3.000000,0.448999,0.001000,1.000000,0.100000
221,1.099622,0.271499,0.980856,0.940472,0.017582,1.147755,1.006358,0.048418,2.889817,2.725814,0.186175,3.300000,3.000000,0.458258,0.001000,0.100000,0.010000
479,2.038929,0.342829,0.437161,0.425039,0.004077,1.144664,1.044218,0.040948,1.995111,1.866260,0.067109,3.350000,3.000000,0.476970,10.000000,0.010000,0.010000
35,0.002533,0.000700,1.147990,1.032548,0.038046,1.148593,1.032867,0.038154,3.288699,2.999130,0.452092,3.290000,3.000000,0.453762,0.001000,0.001000,0.000100
78,0.054773,0.019304,1.129830,1.024583,0.035110,1.141112,1.026068,0.037474,3.246502,2.982358,0.409652,3.280000,3.000000,0.448999,0.001000,1.000000,0.001000
42,0.880822,0.157364,1.197438,1.114947,0.024600,1.148654,0.997184,0.046636,3.231947,2.933029,0.274118,3.360000,3.000000,0.480000,1.000000,1.000000,0.100000
101,1.742203,0.314694,0.997001,0.942091,0.017214,1.143109,0.997184,0.044990,2.978293,2.685629,0.188220,3.390000,3.000000,0.487750,1.000000,0.100000,0.100000
112,0.342429,0.016965,1.140331,1.024760,0.041303,1.136371,1.012489,0.044049,3.292314,3.000000,0.385077,3.300000,3.000000,0.458258,100.000000,0.100000,0.010000
69,0.049136,0.017639,1.124827,1.000250,0.044061,1.134648,0.997184,0.047222,3.302238,2.978048,0.432475,3.340000,3.000000,0.473709,0.100000,1.000000,0.001000
122,0.012918,0.004637,1.140611,1.012658,0.042299,1.142070,1.012489,0.042921,3.324283,2.995807,0.463233,3.330000,3.000000,0.470213,10.000000,0.100000,0.000100
83,1.558168,0.307628,1.042975,1.003358,0.016301,1.155281,1.055786,0.044921,3.031305,2.738319,0.177442,3.360000,3.000000,0.480000,0.001000,0.100000,0.100000
225,1.273402,0.290427,0.798869,0.774907,0.016158,1.149053,1.055786,0.040791,2.641952,2.482014,0.170264,3.370000,3.000000,0.482804,0.001000,0.010000,0.010000
242,0.135978,0.047824,1.129224,1.015392,0.036099,1.145223,1.006358,0.043462,3.222793,2.953948,0.370414,3.300000,3.000000,0.458258,1.000000,1.000000,0.001000
113,0.006608,0.002253,1.143138,1.011860,0.045994,1.145111,1.012489,0.046360,3.354083,2.996342,0.474924,3.360000,3.000000,0.480000,0.010000,0.010000,0.000100
34,0.002946,0.001051,1.137599,1.006436,0.036797,1.137884,1.006358,0.036888,3.328742,2.998658,0.468525,3.330000,3.000000,0.470213,10.000000,0.100000,0.000100
80,0.008123,0.003088,1.142449,0.998048,0.042847,1.143396,0.997184,0.043257,3.365631,2.995922,0.478138,3.370000,3.000000,0.482804,10.000000,1.000000,0.000100
122,0.007536,0.002999,1.142814,1.032121,0.038699,1.144858,1.032367,0.039082,3.334059,2.996182,0.467932,3.340000,3.000000,0.473709,1.000000,0.010000,0.000100
56,0.039428,0.013668,1.135722,1.022799,0.039892,1.145058,1.026068,0.042011,3.322059,2.981961,0.452033,3.350000,3.000000,0.476970,1.000000,0.001000,0.001000
98,0.060842,0.019330,1.129969,1.026655,0.040757,1.145615,1.032867,0.044134,3.269818,2.973785,0.424828,3.310000,3.000000,0.462493,0.010000,0.100000,0.001000
90,1.654528,0.039153,1.169885,1.025932,0.040403,1.142148,0.997184,0.042961,3.359991,3.017777,0.313750,3.350000,3.000000,0.476970,100.000000,10.000000,0.100000
34,0.001278,0.000079,1.143348,1.048548,0.039258,1.143314,1.048467,0.039269,3.250059,3.000000,0.432628,3.250000,3.000000,0.433013,100.000000,0.001000,0.000100
155,2.197700,0.336089,0.639397,0.621107,0.008463,1.147156,1.006358,0.045510,2.138557,1.925760,0.144401,3.340000,3.000000,0.473709,10.000000,0.100000,0.100000
211,1.173724,0.279215,0.980998,0.927671,0.018765,1.146844,1.020309,0.045952,2.877533,2.614964,0.180479,3.310000,3.000000,0.462493,0.001000,0.100000,0.010000
49,0.124063,0.019113,1.144605,1.025619,0.039857,1.138341,1.006358,0.043280,3.278519,2.989836,0.417792,3.290000,3.000000,0.453762,1.000000,10.000000,0.010000
46,0.134272,0.018328,1.148266,1.022482,0.045896,1.144285,1.006358,0.049748,3.331101,2.988803,0.438160,3.350000,3.000000,0.476970,1.000000,10.000000,0.010000
116,0.070477,0.023017,1.122715,0.995314,0.044114,1.142689,0.997184,0.048553,3.274382,2.968901,0.422794,3.330000,3.000000,0.470213,0.010000,0.001000,0.001000
500,0.331239,0.138602,1.048724,0.986851,0.024997,1.137707,0.997184,0.045561,3.089214,2.828500,0.322518,3.380000,3.000000,0.485386,1.000000,0.100000,0.001000
386,1.391626,0.289064,0.958427,0.927705,0.014472,1.147628,0.997184,0.047710,2.858862,2.623212,0.189688,3.320000,3.000000,0.466476,0.010000,0.100000,0.010000
31,0.203245,0.030483,1.163394,1.045217,0.034559,1.149101,1.012489,0.037598,3.303387,2.989163,0.403862,3.300000,3.000000,0.458258,0.100000,10.000000,0.100000
126,1.508211,0.312259,1.087362,1.044371,0.017191,1.144677,1.006358,0.042998,3.068049,2.782673,0.190652,3.340000,3.000000,0.473709,0.010000,0.100000,0.100000
115,0.007872,0.002589,1.141884,1.030562,0.042558,1.143066,1.030561,0.042964,3.256090,2.998512,0.433067,3.260000,3.000000,0.438634,1.000000,10.000000,0.000100
88,2.759529,0.356902,0.633866,0.614892,0.008572,1.143821,0.997184,0.045762,2.539247,2.312287,0.159637,3.370000,3.000000,0.482804,0.001000,0.001000,0.100000
31,0.709983,0.120604,1.175658,1.077360,0.032834,1.144011,1.019681,0.044625,3.416029,3.014542,0.301989,3.340000,3.000000,0.473709,1.000000,10.000000,1.000000
389,1.825246,0.311366,0.534772,0.503554,0.011689,1.136440,0.997184,0.048741,2.280645,2.158976,0.159566,3.260000,3.000000,0.438634,0.010000,0.001000,0.010000
486,1.351059,0.287984,0.980569,0.935624,0.019967,1.143285,1.044218,0.040081,2.844016,2.634908,0.177791,3.310000,3.000000,0.462493,0.010000,0.100000,0.010000
31,0.227886,0.039182,1.159846,1.047234,0.033628,1.142950,1.020309,0.038818,3.279684,2.988974,0.389894,3.280000,3.000000,0.448999,0.001000,10.000000,0.100000
324,1.292015,0.286256,0.969837,0.924810,0.018401,1.148165,1.006358,0.039373,2.833899,2.587424,0.168905,3.280000,3.000000,0.448999,0.010000,0.100000,0.010000
31,0.232821,0.035100,1.162800,1.064020,0.038626,1.149559,1.044218,0.043577,3.359891,2.974270,0.413119,3.370000,3.000000,0.482804,1.000000,10.000000,0.100000
105,2.826704,0.377738,0.777925,0.740350,0.013752,1.145662,1.032867,0.039954,3.146162,2.701428,0.194530,3.320000,3.000000,0.466476,0.010000,0.000100,0.100000
